hFactor,Cost,Emission_t
2,55470500,180638.71125
3,55749700,180618.46025
4,55959400,180598.0445
5,56105500,180733.683
6,56221900,180719.2485
7,56311700,180747.29475
